{
  "_generated": "Generated by SweetTooth, do not edit",
  "description": "Adds a blur look to different parts of the GNOME Shell, including the top panel, dash and overview.\n\nIMPORTANT:\nAfter updating the extension, PLEASE make sure to logout and re-login so that gnome-shell can reload the extension correctly. This is not a bug from Blur my Shell, but an unfortunate issue from gnome shell.\n\nYou can support my work by sponsoring me on:\n- github: https://github.com/sponsors/aunetx\n- ko-fi: https://ko-fi.com/aunetx",
  "name": "Blur my Shell",
  "shell-version": [
    "40",
    "41"
  ],
  "url": "https://github.com/aunetx/gnome-shell-extension-blur-my-shell",
  "uuid": "blur-my-shell@aunetx",
  "version": 25
}